{
  "NaiveB": {
    "precision": 0.5850674144525724,
    "recall": 0.6675356785700921,
    "f1-score": 0.5833961695007469,
    "support": 8000.0
  },
  "SVM_BOF": {
    "precision": 0.5986865453943002,
    "recall": 0.6017643453400111,
    "f1-score": 0.600098366163677,
    "support": 8000.0
  },
  "SVM_tf-idf": {
    "precision": 0.5964050564625146,
    "recall": 0.6669579250114724,
    "f1-score": 0.5895509643785414,
    "support": 8000.0
  },
  "CatBoost": {
    "precision": 0.6111492759913904,
    "recall": 0.67452268618892,
    "f1-score": 0.6075692960717571,
    "support": 8000.0
  }
}